Text;Sentiment
  Nice location ;1
 Regular Mac Donalds, but have a very special view on the Dnieper river. ;2
 The best fast food range.;1
"(+)Швидке обслуговування, привітні співробітники, адекватна адміністрація. Чисто, приємно комфортно ??
(-) Замало місця для таких потоків людей, відсутній заїзд для обслуговування автомобілів??";2
 Куча народа. Заказ более 5 минут.;2
 Все хорошо,но цыгане задрал,одна барышня чуть не вынесла ветровку пока с ребенком делали заказ, оставленную на стуле,и они там каждый раз ходят, администрация примите меры.;2
 Впевнено і сміло тримають рівень);2
 очень вкусные бургеры =);2
 Не смотря на то что Mc это сеть быстрого питания , в этом заведении очень вкусно и удобно . Дружелюбный и общительный персонал ) Еда вкусная , горячая .;1
 Все круто ;1
 Хорошее место для быстрого перекуса;1
 Пол литра колы не могут стоить 21 грн это гониво. ;2
 Восхищаюсь сетью макдональдс в целом и биг-мак очень вкусный!) ;1
 Я це люблю :) ;1
 Всегда з заезжаю по дороге. Вкусно, быстро и вежливо.;1
 В найбільш завантажені дні замовлення видають менше ніж за 2 хв. Радує швидкість обслуговування та чистота.;2
 Все как везде. Макдоналдс везде одинаков. Вкусно, но вредно))??;1
 Макдональдси всі працюють по одному стандарту, тому воно й не дивно, що тут все так саме якісно як і в інших закладах мережі;1
 Не много народу, всегда можно найти свободные места.;1
 Открываются в 6:00. Очень удобно.;2
 Быстро обслужыли. Вкусно. Приятный персонал.;1
 Медленное обсуживание , персонал грубит (27,03,2017) после 22/00  если быть точней . Обычно сколько не заходил всегда медленно . Макдрайв работает куда быстрей персонала внутри .;2
 Стандартний мережевий заклад швидкого харчування.;2
 ми в неділю підемо в МакДональдз;1
 В цьому закладі обважують рідною картопелькою.. Касирша тормознута. Краще пройтися паро метрів і хаванути вареників.;2
 Очень быстрая подача, в течении 30 секунду всё положили, что заказал. Минус - продукты, приготовленные заранее были менее свежие, картошка фри была не очень свежая.;2
 коли приходиш в нове місце,і не хочеш прогадати з кухнею для обіду - скрізь є перевірений Мак:);1
Хорошее место для быстрого перекуса;1
очень вкусные бургеры =);2
Очень быстрая подача, в течении 30 секунду всё положили, что заказал. Минус - продукты, приготовленные заранее были менее свежие, картошка фри была не очень свежая.;2
Восхищаюсь сетью макдональдс в целом и биг-мак очень вкусный!) ;1
Пол литра колы не могут стоить 21 грн это гониво. ;2
Не много народу, всегда можно найти свободные места.;1
"1)Помешкання замале для такої кількості відвідувачів, геть не затишно.2) При користування послугами ""МакДрайв"" неодноразово доводилося подовгу чекати(понад 10 хвилин). При тому, що місце для очікування видачі замовлення не дуже зручне. З повагою ставлюся до мережі ""Макдоналдс"", але це відділення-найслабше з тих багатьох столичних, де бував. Бажаю вдосконалення!";2
9:30 довго + грязний столик і не смачно. ;2
A bit too expensive, but nice.;2
A good place to have a snack or take meal to-go. Filled by people in the evenings and on holidays;2
A little bit crowdy, but modern and convenient restaurant. I was served fast.;2
A lot of people but inside not dirty ;2
"A Mac is a Mac. :) This one located conveniently at the busy road junction and underground metro station ""Petrivka"". Also Mac-drive for those who's on the go is present on site. ";2
A place for a quick bite right in the city center. Fast food restaurant of Mcdonalds chain, crowded and noisy, but fast.;1
A restaurant of the famous chain. Usually crowded place with a free toilet downstairs. The prices are lower than average in Europe.;1
A taste of home in Ukraine!;1
Affordable and a good place to hangout with friends ..;2
All fast food .. bad for health;2
Always a very busy place.;2
Always crowded, not clean, but still a nice and cheap place to have a fast food.;2
Always fast service;1
Amazing burger but the cashier was not enthusiastic.;2
Another McDonald's restaurant. Nearly always crowded, but with some nice seats on the first floor;2
Basic McDonald's. Service was good and friendly. Larger menu selection in Ukraine should be available.;2
Because it's McDonald's.  Why not 5 star ? Because when I finished enjoying my meal administrator came to me and asked how long I will stay here. It's abusive.;2
Beggers can disturb you, they should take proper care about that, otherwise it is a nice place to have food, the breakfast menus are great.;2
Below average among McDonald's places. French fries were very dry and Big Mac's sauce had a weird taste;2
Best branch I have seen on the world.And very kind and helpful personality of course security man too...;1
Best McDonald's! Administration will never ask you to leave when you finished your meal. Also fast services.;1
"Better food at this McDonalds than in The States!  French fries are still cooked in ""good"" fry oil!";1
Better than in America but still just ok.;2
Better than McDonald's in USA. Clean. Better food. This is usually the case with European McD's. Good outside seating. Always busy.;2
Big ASS;1
City center MCD. Nothing special;1
Clean and fast. Quality as usual.;2
Clean, tasty, wifi;1
Close to central railway station.;1
Convenient food;2
Convenient location for morning coffee pickup on a way to work;2
Convenient location. Clean place and fast service. I stop there sometimes.;1
Convenient, but small and crowdy.;2
Cozy place with Mac Cafe ;1
Cozy place, fast service, nice staff :);1
Crowd place,  MacDrive available, near metropolitan station Academmistechko;2
Crowded but good  ;2
Crowded place;2
Decent McDonalds restaurant, they have interesting breakfast menu and quite nice outdoor terrace.;1
Decent set up with customers satisfaction;2
Delicious burgers sandwiches and nice place but why they don't provide electricity outlets for customers phones??!!;1
Drive through is not so convenient. One path splitting to two paths and then again merging into one. Parking is small as well.;2
Even very early in the morning they play loud music.  Food is good.  Consistent and some employees speak English.  English should be mandatory.;2
Everything is OK with McDonald's. Loud and cozy place, always crowded. Fast food, free WC and lovely place to wait someone.;2
Excellent fast food! Easy to get there and large parking!;1
Fast and good McDonald's style quality. But really crowded and loud.;2
Fast food, what's more?;2
Fast service and Wi-Fi and space to charge phone;2
Fast service easily reachable;2
Fast service, good people,not sure if meal is healthy, but its tasty;1
Fast. Clean restrooms. Free Wi-Fi. Consistent.;2
First Macdonald in Dnipropetrovsk. Clear,  open terasse, suitable place in the commute cross.;1
Flat White норм;2
Food is so delicious... Excellent experience..;1
Free is not good today;2
Free Wifi and clean. 24/7 open...its a mc donalds;2
Free WiFi, fast food and a looot of people ;2
Get your half-cup of ice cream for 30 griven. Super disappointed.;2
good;1
Good;2
Good;1
Good  fast food. I'm loven' it;1
Good but always very crowded ;2
Good but too many people. As usual for McDonald's ;2
good coffee;1
Good coffee;1
Good fast food restaurant from the famous brand, but when it is crowdy it will become not confortable to sit and eat something.;2
Good food, good service. Always McDonalds.;2
"Good fresh nugs, and great service, esp. from Olga. Unfortunately it appears the upstairs dining area has an ant problem; see image. ";2
Good interiors;1
Good location, usually crowded.;2
Good Mc near train station.;1
Good Mc sandwiches the solution everywhere ;1
Good McDonald's...just almost all the time is crowded...;2
Good place;2
Good place;2
Good place as for ordinary McDonald's. The only issue I had - is not very intuitively responsive hand dryer;2
Good place for hungry and busy people ;1
Good place. Quick service;1
good service, toilets busy;2
Good service,,, they always have someone that speaks English;2
Good, clean location, as expected. Lots of outdoor seating, a drive thru, and a convenient location near the subway.;1
Great for a quick breakfast at 6 in the morning. It's usually crowded, but it's the only decent place near the train station. ;2
Great for fast food,service is okay;2
Great location if you are en route to harkhiv. Mc Donald's food though is.... you know...;2
Great location. McCafe is really nice. People are friendly. THANKS to McCafe barista Iryna!;1
Great location. Nice Poshtova square. Great view of the river.;1
Great mc. Good service, as usual.;1
great place for kids but not healthy food of course :);2
Great place to eat;1
"Great place to eat some junk food anf wait for ypur train ;)";1
Great place to grab cheeseburger and coffee and sit browsing internet. Food and WiFi quality are very high;1
Great place, always can find an empty place as it's quite secluded. Quite a lot of tables on the fresh air. Convenient car parking.;2
Great place, like the others in Kyiv, but has no parking solutions and almost every time there are no place to sit.;2
guys this is a great place visited a lot by locals ... good prices - I got my breakfast free at the price of just the coffee ;1
Hey, it's McDonald's;1
I am living this;1
I have never been in a McDonald's as busy as the the one in Lviv, Ukraine. With packed lines outside the doors, this location made you feel like you were in heartland of the United States. If you're wanting a taste of the good ole USA outside the borders,  be sure to grab your Big Mac here! ;1
I have not seen a family atmosphere;2
i just love in it;1
I lave it! Grate place for have breakfast!;1
I like it;1
I like this food;1
I ordered cola without ice, they brought me it with whole a lot of ice. What is wrong with them?;2
Iconic meeting point in the center of the city. Free WC, the best quality/price ratio McDonalss in the world. ;1
I'm love it;2
i'm lovin' it;1
I'm lovin' it!;1
I'm loving it ;1
I'm loving it ????;1
It can get crowded fortunately the services are fast.;2
It is a life saver if you are not good with Ukrainian cuisine. Better than most Mc's I have been to. Meat & fry quality is good for a Mc. Cheers ;2
It is a small and rather clean cafe. I liked its location;2
It is typical for UA McDonalds, with long queues and no free seats. Looks like a clean and rather cozy place.;2
It just makdak;2
It's a lovely place the service is fast;1
It's mcdonads low prices and decent food;2
It's McDonald's what else to say? It's better than United States version but it's still McDonald's. General fare that is decent with decent prices. Fast and efficient. Drive through open late. Inside open till 1. But unlike America, can walk up to drive through. ;2
It's McDonald's, right? McDonald's. The burgers might taste like cardboard, but at least it's consistent cardboard. And weirdly, I really do like Mickey D's fries... oh. And the toilets are clean. Oh. And it is open at 3am when you are very drunk and hungry.;2
It's not delcius at all ..!!;2
its ok;1
It's ok but I have to paid for just to get ketchup here. It's kinda weird for me.;2
It's okay. But there should be more options for vegetarians. ;2
It's the only McDonald's in Poltava, and it is really good. Food is tasty, it's done quick and sanitary norms are upheld, the only problem is with seating, it is usually crowded.;2
Junk food;2
Just as usual at McDonald's same taste and quality. Has a good parking;1
Just love it! Good place to have a quick meal.;1
Just McDonalds. Convenient place. :);1
Just regular fast food place: pretty neat and crowded.  But Ukrainian McDonald's are cleaner then European or American. ;2
"Just your standard McDonald's ,with the usual menu along with some occasional new ""items"" .Usually crowded though but the service is swift and great .Perfect for quick snacks ,oh the McCafe's cheesecakes are worth the visit.";2
Like it. Nicely located near cinema, shoping mall and supermarket;1
Like most McDonald's in Ukraine, this one also provides above average service. As usual the food tastes the same, yet somewhat fresher.;1
Like this McDonalds. It is not very big but it has self-service kiosks;1
Like this place. Almost one of the best MacDonalds in Ukraine;1
Lively;1
Located close to the main Train station, usually packed with Passengers. Try seating up-stairs.;1
Located in the heart of city. Oldest MacDonald's point in town. Quick serving. Good menu with many flavors. Does not have MacDrive which is good for serving more in-house guests. Good verighty of desserts in MacFoxy;2
Love it! Just on the motorway to Kiev. 2 minutes detour to feed all the family  on the way to Kiev.;1
Love it! Large area and abailable to relax after your train trip;1
Love this convenient Mac. Unfortunately, there is very small parking lot near.;1
Love this place, burgers and beautiful place outside the restaurant.;1
MaCdonalds being MaCdonalds. WC's not clean enough.;2
Mc donalds is always a safe place to eat and chill. Staff speaks english, and if you are inside you can keep eating for a while even after it closes;2
MC Drive makes the place very popular. Car-queues in the evening time.;2
Mc is Mc;2
Mc is Mc, still is the best chain of fast food restaurant in Ukraine ;1
McDonalds is typical as in any other oblast center in Ukraine;1
McDonald's with quick self-service paydesk;1
McDonald's як McDonald's, але розташування в Миколаєві дуже зручне.;1
McDonald's як McDonald's. Дуже виручає, коли приїжджаєш вночі чи раннього ранку.;1
McDonald's, трохи менш напружений ніж зазвичай. Зручне розташування;2
Medium size McDonalds not far from city center. A bit uncomfortable indoor sitting places,  especially with tables that are unable to move.  But in other word it is a usual McDonalds. A big plus of this place it is not overcrowded as one in a city center. ;2
Modern style.. why not :);1
My favorite since early 2000s ;1
Neither the biggest,nor the smallest Kyiv McDonald's.Once had Coke mixed with water.McDrive works quite well.;2
Nice;2
Nice burgers. ;1
Nice design outside and inside, easy to notice. The service is fast, the music is a bit too loud. All in all, a good example of Kyiv McDonalds;1
Nice location, good as any other MC;2
Nice location. There are some free power sockets, so you can charge your device ;2
Nice place a normal mc donalds;2
Nice place but has bad customer service. Make me pay twice by credit card and not able to refund ;2
Nice place to eat. But always crowd;2
Nice place to go pee) ;1
Nice place to relaxing :-) value for money ;2
Nice place, clean and tasty.;1
Nice place, fresh look, but extremle crowded!  And forger about toilet in this McDonalds, because very long line;2
Nice price. Great servises. For 10$ you can get a lot.;1
Nice, big place, in downtown;2
Nice.;1
No !;2
Noisy, but has a little park near it;2
Not bad place, a bit small. Good staff though!;2
Not enough room. Always long queue.;2
Not really clean and quiet. Crowdy almost ever;2
Not so many people, it's easy to find a place for sitting ;1
Not the best MD in the city if we talk about food quality. MD near Beketova stationis far more better.;2
Not the healthiest place, but at least you know what is on the menu.;2
Not too much place;2
Nothing can be said about McDonald's... it's always good... just one Problem in that one too small for the number of costumers that goes there;2
Obviously no need to say about taste , Near to metro and university , best place to spen some time with friends , this is the mcD for which I came many times ;1
Ok;1
Ok;2
Ok;1
Ok.;2
Old-fashioned design. Great and rapid service.;2
One of few fast food places in area. Small number of tables. ;1
One of the best places to om-nom-nom));1
One of the few places open very early in the morning. Good wifi here for free with no password required.;2
One of the first McDonald's in Kyiv, and in the very center, just by the famous Maidan Nezalezhnosti, definitely not the best one because of too many people almost all the time;2
One of the first McDs in the city. Looks good, often crowded. ;2
One of the first mc's. Love it. Grat place and cheap;1
One of the most overcrowded, but nice.;2
One of trendiest in city, with a separate caf? cashier, diverse sitting options;1
Only fast food in nikolaev.  Packed 24/7;2
Orasul kiev este un oras atragator si oglomerat;2
Ordinary McDonalds. Rather small though ;2
Passion fruit milkshake ??;1
Perfect!;1
Provides a useful service, usually free WiFi, cheap food, space to sit. Toilets very busy;2
Quick service, kind staff, what more could you want? However, always incredibly busy!;2
Quite beautiful as for McDonald's :);2
Quite small, no parking. Drive is mostly has a big queue.;2
Quite small. Has a McDrive.;2
rather large and non-stop, fast service;1
Regular mc donalds;2
Regular mc, nothing special;2
Same quality all over the world!;1
Second McDonalds in Lviv with McDrive;1
Service as usual is at its best. ;1
Service is super good and fast...you can chill out with friends and enjoy the taste at same time here...I'm just lovin' it..;1
Simple McDuck, just too small for demand. ;2
Small cafe.  Nice parsonal. ;2
Small, busy, difficult to park;2
some place;1
Somehow foreign McDonald's are better in every way.  Fresh food, good service, clean building and people. ;1
Son said it was ex-soviet version of McDonald's;2
Spacious building but long queues for toilet ;2
Spacious place with nice central views and fast service. My fav McDonalds in the city. ;1
Spent a lot of money there. tasty. love this mc.;1
Surrounded by a beautiful park;2
Tasteless and expensive. Not an Canadian meat and drinks quality. Not only this particular location overall in Ukraine MacDonalds is sucks;2
Tasty as always ;1
Tasty coffee, not healthy food;1
Tasty fast food, crowded,  but personal work quickly;2
Tasty food and fast. A little bit crowded always;1
Tasty food.;1
The best McDonalds in Kiev for me. Nice view and design;1
The cashier was awesome. She spoke English which really surprised me. I ordered the whole meal in English which I thought was pretty cool. ;1
"The first and so far the only Macdonald in Mykolaiv. It's located in one of the top locations - at Sobornaya str, you have no chance to miss it if have a walk in the center.
Service is good, though it's usually crowded and has only 1 floor. Clean and attractive, with usual Macdonald menu.";1
The great place!;1
the interior of this McDonalds is very beautiful,  I've never seen a McDonalds designed in such a matter.  The restaurant is very large, roomy, clean, large clean bathrooms, and the staff are very friendly.  It's located in the business district of the city so the customer base is more than likely upscale.;1
The one and only McDonald's in Nikolaiv. Always busy but never a bad experience. Great prices.;1
The shop brings the basic US fast food package - I hope you get my point- with some local influences. That is all. Go there, it is a good place.;1
There are a lot of tasty food, but one thing I don't like there - high prices.;1
They are fast and efficient. Staff and Food quality is good for a McDonald's.;1
They have McDrive;1
They use poor tasting chicken.;2
This features a drive in (one of the few in Kharkov) open 24/7 a site for a quick bite no matter the time. Free WiFi for all you snapholics and workaholics. Outside sitting and a lavatory facility is available. ;2
This is a very popular place. It is difficult to find a free table.;2
This is the only Mac in Kremenchuk. It is spacious and clean. Not too crowded usually. Macs in Ukraine has a bit limited menu than western countries (no janopeno etc)and there is no small or large options for meals. Also I don't see diet or zero coke option. Still good place to go when craving chips/fries with familiar type of burger.;2
This McDonalds cafe is very clean with a very nice design. The staff is very friendly and very customer oriented, the only problem is that this McDonalds is located across from the central market, many people come from the market to use the bathrooms and it's not uncommon to see long lines of people waiting to use the bathrooms, this can be a big inconvenience for McDonalds customers.;2
This place is always crowded!!!;2
Those who think mcd food sucks and use it like public WC will be disappointed, because it does not work there;2
Time to renovate it;2
Too little space for seating;2
Unhealthy food, but kids really like it ;2
Useful place with free Wi-Fi;2
Usual fast food. Not bad;1
Usual Mac;1
Usual mcdonalds. Staff was super cheerful and helpful. Location is great by the river, and close to the funicular. I like that little square and the view of it from this mcdonalds.;2
Usual McDonald's. Very crowded at lunchtime. ;2
usually its crowdy and good outdoor seating near to public transport;1
Verry nice!);1
"Very bad customer service. After I bought coffee, stuff refused to add more milk. Said that it is against the rules. As far as I remember this is by far worst location as well as attitude from employees. 
Will never recommend this location.
Spend money elsewhere. ";2
Very busy as far as located in the main square in kiev.;2
Very busy, but handy for cheap fast food! I was there when it opened;2
Very clean and fast service;1
Very clean and organized restaurant with great service. Location is nice, but it's windy outside.;1
Very crowded Mcdonald's, because located in th heart of the city, rather many places to sit, the food is tasty as always;2
Very crowded, everything else is OK;2
Very modern looking 2 story McDonald's. Lines are a bit long but the food comes out very quickly. ;1
Very nice place ;1
Very old and worn out this one. You almost always should struggle to make an order, as it's crowded beyond imagination, and lots of people want simply to sneak past you to be first. Service is very slow.;2
Very small McDonald's, but has kids playground outside. Close to metro station.;2
Very tasty. ;2
Very very busy given the prime location. Mostly very hard to find a spot to sit. Overall Mcdonald's is providing above average service in Ukraine.;2
We went in for late night food. The staff was alright and the food is the same McDonald's you expect from anywhere. ;2
We went there for an early breakfast and there was already a lot of people. Good and clean place. ;2
well located place with good wifi;2
Well this McDonald's is improving all the time. It's a lot better then most European ones. However the fact you have to wait 15min+ during the night drive through (due to huge queues, both on foot and in cars) is the opposite of fast food motto. ;2
Well, it's just another McDonald's restaurant, you've probably been to lots of them. What's special about this one is that it's located on a really cool spot right next to Dnipro river and you can have a really beautiful scenery there.;1
Wifi :(;2
will be good to have mccafe in this place;2
Works late at night, has a beautiful terrace, and a perfect location. ;1
Yet another restaurant of McDonalds Ukraine. Generally much cleaner than in US or Europe, since McDonalds owns all their restaurants in Ukraine.;2
You better not ask for anything special- not welcome here. But the regular menu is good, quick service and a lot of sitting spots.;2
You can order your food on the tablet, so you don't need to wait in the queue. Moreover, they serve it very quickly.;1
You gotta love it! Free Wi-Fi, elegant and clean. Plus this place has an amazing drive-through.;1
you should wait for the most delicious burgers 2-3 minutes but overall everything is cool  and nice. Fast and tasty.;1
Your average McDonald's, but a more pleasant atmosphere than the McDonald's on Soborna Ave.  It has become more popular lately and weekends can be a challenge to find a table (but not impossible).;2
Your average McDonalds.  Personally I prefer the McDonalds on Keletska instead.  However, it ain't bad.;2
Z-best place to have a bite);1
Абсолютно толерантно ставлюся до закладів швидкого харчування, та й до Макдональдсу як такого претензій не маю. Проте чернігівська варіація на дану тематику - це щось середнє між вокзалом, їдальнею і громадською вбиральнею. Не зовсім зрозуміло, чому б не відкрити кілька точок у торговельних центрах міста?  От у Голлівуді, мені здається, це було б дуже доречно.;2
Багато людей, черги. Бургери смачні, але маленькі.;2
Багато людей. Неуважний персонал. Жовго готують, а картку-вибачення за це не дають.;2
Багато місця на вулиці, є місце для дітей (горка). Часто буває, що не співпадають тижні (українські тощо)  з іншими макдональдзами, що трохи дивно, а в іншому все ніби нормально. ;2
Багато народу завжди, люди тупо сидять в ноутах, черги, але Час швидко проходить. Таке. Мак як мак. Частіше за все використовую як безплатний клоузет;2
Багато народу при не дуже великій кількості місць. взимку брудно;2
Багато простору, є столики біля вікна. Але порівняно з закордонними ресторанами тут не так чисто. В туалеті закінчилось мило і туалетний папір.;2
Безкоштовний туалет, у якому чисто, швидке обслуговування, чистота у залі, приміщення світле, працівники доброзичливі, ціни від ~23 грн за бургер до 80грн за біг тейсті чи якось так. Їжа поживна, але жирна, особливо картопля фрі.;1
Був в четвер, заходив на ранкову каву з чікен фреш мак мафіном о 7 ранку. Каву дали відразу, бургер трошки затримали і адміністратор відразу дав картку за очікування на безкоштовний ріжок (чи напій) при наступному замовленні - чесно вперше в Макдональдсі отримую таку приємну компенсацію, в Києві таких карток ніде не давали, тому дякую Льовову!!!;1
Будь-який мак - то щастя;2
В найбільш завантажені дні замовлення видають менше ніж за 2 хв. Радує швидкість обслуговування та чистота.;2
В цьому закладі обважують рідною картопелькою.. Касирша тормознута. Краще пройтися паро метрів і хаванути вареників.;2
В цьому закладі швидкого харчування дійсно можно бистро перекусити;1
Ввічливе обслуговування. Належне ставлення до людей з особливими потребами.;1
Вдале місце розташування біля Дніпра. Швидке обслуговування не зважаючи на кількість відвідувачів, яких тут багато.;2
"Велика черга, у вбиральні трохи брудно. На літньому майданчику незнайомі чоловіки відбирають у жінок іжу і просять гроші на ""опохмел"".  Креветок не було взагалі. ((((((((( Що з Вами McDonald's?";2
Великий за розмірами та гарний мак.  Засмутив тільки порядок у приміщеннях, прибирання не цілодобове ;1
Від інших ресторанів мережі відрізняється тим, що іноді важко знайти місце через велику кількість охочих. Щоб відстояти чергу до туалету потрібно мати залізний сечовий міхур і багато терпіння. Загалом чисто, є тераса з видом на Вокзальну площу.;2
Відносно новий мак. Не дуже людний, так як знаходиться далеко від метро;1
Відняла зірку лише за маленьку кількість місць в залі і довгі черги до каси.;2
Відповідає стандарту.  Хороший персонал та стандартне меню.  Дуже комфортно на 2 поверсі;1
Впевнено і сміло тримають рівень);2
Всiм смачного!;1
Все добре! Як і має бути в мак!;1
"Все по-стандарту! МакДональдз самий звичайний, хоч і атмосфера в ньому якась є. 
Але смішно казати, що в Черкасах він один!!";1
Все смачно і чисто, що дуже важливо для закладів харчування.;1
Все чудово, але постійно великі черги до каси. Коли не прийду, то вічна якась екскурсія для дітей, чоловік 40 і всі, все замовляють, а ти стій чекай. Зробіть як в Києві - термінал самообслуговування для замовлення та оплати, а отримання продуктів через касу.;2
Все чудово. Є McCafe,дитяча GymFun, 4 термінали  кіоску самообслуговування ), зручний McDrive зі своєю парковкою .;1
"Всередині звичайний мак дак, але поблизу є мікро-сквер з лавками і фонтаном де дуже приємно відпочити та прікольний літній майданчик. 
Рекомендую";1
"Вчора відвідали ваш заклад не в перший раз, але мабуть в останній раз.
Касири вперто продовжують мені відповідати російською мовою, хоча і я, і особливо моя дитина, звертаємось українською.
Вони у вас відібрані за таким низьким рівнем, що не здатні вивчити державну мову?";2
Гарне місце щоб перекусити.Швидкий та привітний персонал,великі,проте швидкозникаючі черги.Цілком гарне місце.;2
Гарний wi-Fi, на нижньому поверсі не дуже багато людей і це мені сподобалося.;1
Гарний краєвид з літнього майданчика. Поруч річний порт, фунікулер. Ну і звичайно висока якість Маку ))));1
"Гарний Макдо зовні. Але мені не сподобалось обслуговування. На макдрайві довго не могли прийняти наше замовлення, коли, зрештою, ми під'їхали до ввконця, нас зустріла дівчина з таким виразом обличчя, що їсти перехотілось. Мені не треба шалених посмішок, але елементарні ""добрий день"" і ""до побачення' - так! І майже все було холодним";2
Гарний сучасний мак. Вся площа паршиво виконана, лавочок вважай нема, а мак -єдина історично атракційна споруда після фунікулеру. Шкода що ми не дотягуєм навіть до рівня мака, та нічого не вдієш.;2
Гарно! Їжа дуже шкідлива!;2
"Громадська організація “Cпілка багатодітних родин Деснянського району міста Києва “БЕРЕГИНЯ” висловлює сердечну вдячність керівництву мережі ресторанів МакДональдз -Київ, а саме, пані Олесі, за благодійні обіди організовані 3, 6 та 7 червня для 200 дітей в ресторанах МакДональдз Radosin, Global, Sky Mall, Petrovka, Dream Town, Lіtnye, Detskiy Mir, Prospect приурочені до 1 червня - Міжнародному Дню захисту дітей, за незабутнє Свято! Ці радісні дні залишаться надовго в пам""яті наших дітей!
Бажаємо Вам міцного здоров’я, реалізації задумів та здійснення мрій!";1
Грязно, сир не плавлений, а просто шматками. Замовлення чекали 13 хвилин!!;2
Два раза не положили ребёнку сок в хеппимил, а сегодня не положили игрушку! Это уже вообще ни в какие ворота не лезет!!! А ребёнок обнаружил это дома, когда открыл коробку.;2
Двоповерховий. Великі кімнати, є кімната розважальна для дітей.;1
Дешеві столи, дорога їжа;2
Дітям подобається!!!;1
Для сімей з дітьми заклад безальтернативний:). Все чудово, але дуже часто зал просто переповнений.;1
Добре місце. Все смачно, чисто і привітно.;1
Добрий фастфуд.;1
"Доброго дня! Я часто ходжу в мак, це гарний ресторан швидкого харчування!)
Хотів просто поділитись спостереженням. Я помітив, що на упаковці бігмака на питання ""Чому бігмак такий популярний?"" надається як одна з відповідей, що ""...тому що це відомий сендвіч"". Вважаю, що не можна на питання щодо причин популярності давати відповідь синонімом слова ""популярність"" - ""відомий"". Тобто причина популярно... Показати більше...";2
"Добрый вечер.......мог бы быть, если б мне его не испортили в МакДональдс!

Заказывая колу без льда, я получаю со льдом. Заказывая мороженое в вафельном стаканчике - получаю в пластиковом! Работники не слышат покупателя.";2
Дорого і +це junk food.Я б не радила ходити в такі місця. Але це ваш вибір ;2
Досить часто відвідую цей заклад. Загалом все влаштовує, окрім відсутності місць в години пік. ;1
Достать багато людей у будні дні, місця не вистачає, сервіс нормальний, розміщення також;2
"Дочкино восьмилетие мы праздновали в «Макдональдсе». Она сама так захотела после того, как мы побывали на празднике у ее одноклассника и познакомились с аниматором Максимом, от работы которого еще тогда мы были в восторге.
Знаете, когда я уже во второй раз фотографировала и наблюдала за всем действом, я поняла успех этого энергичного юноши. Он не просто выполняет свою работу, он живет ею. Он не иг...

Показати більше...";1
Дуже багато відвідувачів, завжди черги;2
Дуже багато людей, часто буває не прибрано ;2
"Дуже багато людей, ще не сподобалося що прибиральниця до старшоі жінки кричала ""вали звідси, чого ти тут сидиш годину"" хоча жінка просто дозамовила собі морозиво і сиділа іла. ";2
"Дуже багато людей. Смачно. Але там великі ціни. Рекомендую сходити.
Балів: 
1. Людей 10+ балів.
2. Вибір 9-10 балів.
3. Чистота 8 балів.
Всього: 10 балів.";1
Дуже багато неадекватних школярів, що своїм галасом не дають нормально навіть випити кави;2
Дуже гарне місце. Є McCafe, WIFI, МакДрайв, Дитячий майданчик.;1
Дуже гарно;1
Дуже зручно розташований заклад. Особливо зручний макдрайв. Привітний персонал. Але маленький паркувальний майданчик, не завжди є вільне місце. ;2
"Дуже круто , смачно !  
Завжди великий потік людей  
Важко припаркувати машину ";1
Дуже людно, прохідний двір, але як завжди смачно!;2
"Дуже людно. Мале приміщення, їсти можна стоячи. :) 
На макдрайв рідко немає великої черги.
В обідню коаще не заходить.";2
Дуже мало місця, як на такий район. Постійно людно. Треба б розширитись і дит майданчик, бо більшість приходить сюди з дітьми;2
Дуже повільно працюють;2
Дуже привітні адміністратори. Допомогли заїхати з каляскою. Є місце для догляду за немовлям. У цьому закладі є достатньо швидкий інтернет.;1
Дуже приємний дизайн, розташування таке, що тут завжди людно. Перший мак де побачив електронні екрани замовлення. ;1
"Дуже смачне морозиво ""ріжок"". Якщо хочеться попити кави та потрібен WiFi - це місце саме те що потрібно.";2
"Дуже смачно. Не перзий раз був тут. Нввіть бувало що хв пару днів поспіль. ""Я ЦЕ ЛЮБЛЮ""";1
Дуже смачно. Приємні ціни.;1
Дуже старий за дизайном заклад, та шкода що тільки один;2
Дуже-дуже людно! А так: як і у всіх Маках;2
Дякую касиру Інні!кинула на 2 чіза!замовив і оплатив хепіміл,2 чіза і Шейк з собою.все вручили в руки без упаковки без бургерів...про що думають..?!більше ніногою!хоча Мак люблю!;2
"Є інтерактивні каси з сенсорними екранами, достатньо місця, новий ремонт, але Інтернет просто жахливий, підключитися нереально, постійно потрібно дивитися рекламу (через це кікалька разів не пройшла оплата з ноутбука).
McDonalds будь ласка зробіть щось з інтернетом, реально півтори години намагався підключитися і нічого не відбувалося. Коли підключився, то через 5 хвилин потрібно було знову дивитися рекламу і знову підключення зникало. Зробіть wi-fiяк в інших закладах мережі.";2
Є спеціальна територія для дітей, літня тераса, швидкє обслуговування ;1
Єдиний «МакДональдз» в м. Черкаси, хороше обсдуговування, привітний персонал і, як завжди, смачно, хоч і не зовсім корисно);2
Єдиний мак у місті, звісно подобається, щей мак кафе зробили, взагалі чудово);1
Жахливо довго готували мак роли. В Києві такого не буває. ;2
"Живу не далеко, часто заходжу поїсти, але останнього раз мій візит мене розчарував, поки я очікував своє замовлення, помітив як інструктор на ""біні"" міняв таймера на даблах і біг-мак.......як на мене за такі ціни які зараз продавати зіпсовані продукцію це вже перебір!!!!";2
З усіх МакДональдзів, які мені довелось відвідати (Україна, Франція, Німеччина, Росія)  самий чистий і незмінно чемний - черкаський. Усі роки його існування.;1
"Завжди багато відвідувачів, але черги рухаються швидко. Єдиний мінус це складність знайти вільне місце в залі.
В МакКафе дуже смачні чізкейки.";2
Завжди багато людей і мало місця, вафля не працювала останнього разу, коли я там був;2
Завжди багато людей. Касири не уважні і плутають-забувають по замовленню. На столах брудно, але це через людей, які вважають що віднести тацю зі сміттям - це фуфуфу.;2
Завжди багато людей. Особливо тих, які нічого не їдять, а сидять в інеті.;2
"Завжди гамірно і багато людей, тому чистота тут не затримується, прибиральниця старається з усіх сил. 
Обслуговування більш-менш швидке.

Знайти вільне місце задача не з легких))";2
завжди є вільні місця, але певні незручності створює будівництво поруч. ;2
Завжди людне місце, чудовий персонал, швидке обслуговування.;1
Завжди людно, напевне заклад має успіх. Мені ж в таких людних місцях некомфортно. Я рідко буваю у Маку і для мене не зрозуміле меню, хотілося б щоб воно було десь у доступі було його розшифрування, а то купуєш кота у мішку.  Підтягніть українську у касирів, бо не всі збагнули, що вони працюють в українській філії.;2
Завжди людно. Смачно. Швидке обслуговування;1
Завжди по вихідним буваємо тут з дітьми.  Подобається! ??;1
Завжди подобався цей Мак, близько, швидко, зручно, але сьогодні, коли замовляв з собою макбайтс, замість дев'яти положили сім. а повертатися з дому щоб про це сказали не було сенсу. Сподіваюсь це побачать та відреагують;2
Завжди черги, завжди відсутнє місце для нормального прийняття їжі бо більшість просто прийшли посидіти у вайфаї. І ....бомжі... вони там є...!;2
Завжди як приїзду в Полтаву - заходжу сюди;1
Заклад дуже малий за розмірами як для такого місця. Потік відвідувачів дуже великий. Є літня площадка, що розміщена між дорогами з активним рухом. Одним слоаом - не затишно. Вбиральня чиста. На касах обслуговують швидко. Є мак-драйв.;2
Заклад зі смачною  їжею. Останнім часом часто беру там дуже смачну каву. На другому поверсі приємний краєвид на вулицю ?? ;2
Заклад знаходиться поблизу великого ринку та автостанції, тож інколи можуть бути специфічні відвідувачі. Персонал ввечері дозволяє собі поводитись трохи вільно.;2
Замість біг-тейсті тут борщ і голубці))))));1
Затишно;1
Звичайний мак, але з брудним туалетом. ;2
Звичайний Мак, але коли дощик падає - біля Мака найбільша калюжа в районі, така, що до нього треба плисти ....;2
Звичайний мак, нічого особливого.;2
Звичайний Мак. На сьогодні у ньому майже завжди дуже людно. Мало людей лише до 13 години. Інтер'єр звичайний. Макдрайв є дуже популярним, проте особливих черг я не зустрічала. На мою думку бар них столиків тут забагато, а от звичайних не вистачає. Тісненько.;2
Звичайний Мак. Особливих черг та купу відвідувачів з ринку не помітив, але те, що заклад популярний помітно на його стінах. ;2
Звичайний МакДональдз, але зручно розташований, і морозиво в них смачне.;2
Звичайний Макдональдз, за винятком того що тут дуже проблематично знайти вільний стільць, а тим паче столи. Тут завжди дуже людно. Так що сюди точно немає змісту йти великою компанією і надовго. ;1
Звичайний Макдональдз, як і тисячі інших.;2
Звичайний макдональдс, алe вражeння погіршують відвідувачі із ринку, який знаходиться поряд, які приходять погрітись та у туалeт. Вони займають вільні столики нічого нe замовляючи.;2
Звичайний нормальний  заклад швидкого приготування їжі.;2
Звичайний собі типовий McDonald's. Не брудно. Не людно. Приємний персонал. Смачна кава;2
Звичайний, але завжди дуже людяний.;2
Звою в Мак на Севастопольской 501-59-02 заказать трамвайчик, настойчиво сбрасывают. Это что за сервис такой?;2
Змінився дизайн (з того часу, як я в дитинстві сюди приїздив), і як на мене - став краще. Але людей завжди просто величезна кількість, цілодобово, і знайти місце - дуже складно.;2
знаю цей фастфуд!;1
Зручне місце для Мака, смачна кава хоч і велика порція. Уважно переходьте пішохідну зону, бо машини із МакДрайву вилітають просто на Вас. Дочекайтеся зеленого світла на світлофорі на перехресті. Обовязково спочатку переконайтеся, і тільки потім переходьте ввлицю. Будьте уважні, тут небезпечна зона !;2
Зручне розташування, майже завжди людно, але є вільні місця.;1
Зручний час роботи закладу, але завеликі ціни, як на мене.;2
"Зручно що біля метро 
Часто чекаю людей тут на зустрічях
Кава надто дорога (((";2
Зручно, швидко, але мабудь не дуже корисно (як весь фаст-фуд);2
І мені тут усе подобаеться;1
Їжа як і в будь-якому іншому МД, але завжди всі місця зайняті. Дуже галасливе місце. ;2
Їжа, звичайно не корисна, але не можу не відмітити одну страву, яка мені дуже подобаеться і через яку частенько навідуюсь у макдрайв, - це сир камембер у клярі! Навіть у ресторанах смачніше сиру я не знайшла. Тож, хоч би 3 зірочки за сир цей заклад отримуе. Інше радше не куштувати....;2
Їжа, після якої важко. Ресторан непоганий, але зимою дуже мало місця.;2
Кава лате - супер. Хоч ціна і зависока. Все інше шлак і біосміття.;2
Кава не така смачна як була раніше. Вартість меню не можна назвати низькою. Постійні черги в туалет.;2
Как всегда: Всё пучком:);1
Качество стало просто отвратным. Биг Тейсти это просто неуважение к клиенту - котлета сухая, как будто ее вчера жарили. Капуста - это вообще отдельный разговор. Она вечно вываливается, не свежая, видно что она побитая всякими болячками. Соуса даже уже жалеете - чайная ложка по центру на 1 Биг Тейсти! За 64 грн можно уже решить подобную проблему. Чего стоил данный вид бутербродов, когда он только появился и каким жутким он стал сейчас....Его даже собрать нормально Вам не удается - вечно кривой с вываленным содержимым набок...Вобщем это не порядок. Если раньше было не жалко денег, хоть и вредно, то теперь мало того что вредно, дак еще и похабно сделано.;2
Класне місце!  Можна завжди поласувати Смачно кавою,  зігрітися,  посидіти з дітьми відпочити. ;1
Когдаааааааа на теремках ????!!!!!;2
Колектив працює дуже злагоджено та оперативно. Затримки в обслуговуванні можливі, але це пов'язано з постійним великим напливом людей. Тому мінус 1 зірка. Плюси: мак-драйв, дитячий майданчик.;2
Коли не знаю,куди йти - йду сюди.Скрізь передбачуваний смак і безкоштовний вай-фай в дорозі.;1
Коли необхідно швидко перекусити - саме те.;1
коли приходиш в нове місце,і не хочеш прогадати з кухнею для обіду - скрізь є перевірений Мак:);1
Користуюсь в основному МакДрайвом по дорозі в аеропорт))) Останній раз обслуговували повільно, утворилась черга :(;2
Куди ж це центр міста,та без Маку?:)Саме конкретно в цьому закладі я отримав сервіс найвищого рівня.Вже не пам'ятаю,чим мені там так догодили,бо давно було,але радію чомусь ще досі:);1
Купила Латте , а там про молоко забыли .;2
Літом, дуже людно, воно і зрозуміло, дуже гарна набережна поруч. Сучасний дизайн будівлі і інтерєру є великим плюсом, що радує око. Розташування, просто клас. Багато місця. Є маккафе.;1
люблю мак, але не його малесенькі, неохайні і гидотні туалети. ;2
люблю Мак,та інколи картопля буває трохи відсирілою(,особливо коли мало людей, ще б гарненьких дівчат у персонал набирали,а то крякозябли ще ті!);1
Люблю цей ресторан швидкого харчування!;1
Мабуть єдиний МкД в якому майже завжди є вільні місця. У вихідні можна спокійно перекусити;2
Мабуть самий людний Макдональдс, але все якісно....сервіс достойний.;2
Мак в центрі. Приміщення не велике, тому трохи проблематично знайти вільні місця, особливо на компанію з кількох людей. В основному місце для туристів.;1
Мак Дак!!!;1
Мак Дональдс- я це люблю! ;1
"Мак є мак;) Всюди однакові та всім знайомі сендвічі та картопля фрі.
Та і місце гарно оформлено.
Жаль що після скачка долара вже не поїси на ту суму, що раніше(";2
Мак завжди смачно, але ремонт старенький;2
Мак як мак (можна було ставити 5, але нічого вдеального не буває);2
Мак як мак ні чого видатного крім того що на другому поверсі є кімната для дітлахів.;2
мак як мак, буваю там регулярно, учора зайшов, побачив здоровенну чергу, не захтілось чекати.;2
Мак як мак, місця вистачає завжди, а от паркомісць іноді і не вистачає;1
Мак як мак. Єдиним мінусом мабуть є те що він знаходиться на одній з головних вулиць, тому сюди часто приїжджають цілі автобуси з дітлахами з периферії, спраглих скуштувати екзотичні для них смаколики. Це призводить до переповнення закладу, великих черг і шуму. ;2
"Мак як мак. Має свій шарм для туристів. Але їжа вся якась надто ""правильна"" ніби муляж максимально наближений до їстівного стану. Після охолодження втрачає взагалі усякий смак.";2
Мак як мак. Нічого незвичайного. Завжди якісно та швидко.;2
"Мак як Мак... 
Все на високому рівні.
Пощастило з геолокацією, так як біля нього вокзал, та автовокзал. Тому наплив не тільки  містян, а і гостей міста... ";2
Мак, як Мак. Єдиний недолік - мала кількість туалетних кабінок. Та й сам мак знаходиться в не дуже привабливому місці.;2
Мак, як мак... Все подобається, чисто, швидко обслуговують, є літній майданчик. Єдиний мінус - малий простір, як для такого закладу. Але водії, які купують все у мак драйв цього не відчують, ну і ті, хто бере їжу з собою.;2
"Мак, як Мак: у всіх традиціях.
Але, зважаючи на те, що розташований він якраз біля Одеса-Головна, мало б бути по туалетній кімнаті на поверх - черга просто неймовірна. 
Досить людно";2
Макдак як макдак;2
Макдо як макдо, персонал дуже хороший, якось зайшов попросив просто гарячої води для ліків, відмовились брати гроші, побажали здоров'я. Було приємно);1
Макдональд є макдональдс, це щодо їжі, а ось розміщення повна дурня. Пилюга і спека літком.;2
"МакДональдз люблю ,буваю там доволі часто,оскільки навчаюсь через вулицю біля нього. Дуже люблю їхнє лате і чорний чай з медом,чай упаковують у фірмову коробочку від кьортіз (якщо не помиляюсь ) ,а мед в індивідуальному пакетику. До дате дуже смакує горіховий сироп. 
Також дуже потішив оригінальний дизайн стаканів як у самому Макдональдсі ,так і у маккафе))
Що доволі приємно,у них різний дизайн.
Місця вранці є,але іх досить не багато,тому великою юрбою туди не підеш)";2
МакДональдз, как МакДональдз. Вкусно, быстро, дорого);2
Макдональдс дуже схожий на інші макдональдси. Ціни та їжа однакові. Ніякої різноманітності. (Жарт);1
Макдональдс є Макдональдс,  як не крути. Форматно. Все як завжди. Сьогодні,  до речі, спробувала карамельне парфе -  рекомендую. ;1
МакДональдс це найкраще місце де можна швидко перекусити. Але потрібно вводити нові внески у меню.  ;1
Макдональдс як Макдональдс, нічого особливого. Смачно, відносно дешево, швидко.;2
МакДональдс як МакДональдс, раз колись можна заїхати перекусити, посидіти, ціни досить високі, в середньому за 3-4 страви 100-150 грн як не було, а ситості особою не відчуваєш(;2
Макдональдс як маклональдс:) багато людей, досить шумно. Але як тоеба перекусити в центрі міста чи випити кави, то місце непогане.;1
Макдональдси всі працюють по одному стандарту, тому воно й не дивно, що тут все так саме якісно як і в інших закладах мережі;1
мала зустріч, попросили саме там. не була в макдональдзі років 17, наперед маю відмовляти завжди - і кава жахлива. не чисто. музика гримить о 8 ранку як мегафон на параді;2
"Маленький представник Макдональдсів, при тому що знаходиться на людному місці. Мало кас, мало місця у залі, рятують тільки ""загальні"" для усіх закладів мережі плюси: швидке обслуговування, смачна і досить недорога їжа. ";2
Мало місць, часто доводиться накручувати кола з тацею в руках у пошуку вільного столику. В часи пік біля кас штовханина. Але краєвид із вікна на другому поверсі дійсно чудовий. Краєвид, безкоштовний вайфай і гаряча кава саме те, що потрібно щоб можна було в обідню перерву на пів години відволіктися від роботи. ;2
ми в неділю підемо в МакДональдз;1
"Милые девушки и женщины!
В современном ритме города Вам некогда полноценно отдохнуть?
Вечно уставшая и страдаешь перепадами настроения?
Нет времени на занятия спортом, а с ""апельсиновой коркой"" на бедрах нужно что-то делать?
Одно и то же неудобное положение на работе и больная спина?
Не нужно ждать обострения боли в спине и 3 стадии целлюлита

Антицеллюлитный...










Показати більше...";1
"Мінуси: 
- надто людно. 
Плюси:
-McDonald's як він є. Завжди чистота, високі стандарти. 
Ціни зараз кусаються. Дешевше вдома все це приготувати ";2
Місце закладу вдале. Доглянуто все, чисто. З цінами мережа зажралась.;2
Місця мало, місця самі поки собі маленькі. Людей зазвичай багато, тому посидіти не вийде.;2
Місця цілком достатньо для відвідувачів, особливого напливу людей не помічав, був у першій половині дня. А так нічого особливого.;2
"Мне, лично - очень нравится. И не только потому, что я здесь работаю. А потому что, на самом деле получилось учесть многие нюансы и создать что-то впенчатляющее - то что можно увидеть и не только, но и почувствовать, если посетить.
А для посвященных могу сказать, что у НАС много, много места и это по-настоящему удобно. Наконец-то есть где развернуться и наконец-то ""королевство не малова-то""! Это доставляет удовольствие!!!";1
Може хтось не знав, але це головний офіс Макдональдс в Україні. Він же тестовий, іноді можна потрапити на тестові сезонні меню. В плані інтер'єру він дуже старий. ;1
Можна інколи отримати щось на халяву за участь в черговому опитуванні;1
Можна швидко перекусити, дуже багато дітлахів...з житлового масиву поруч. Хоча а цьому районі більше нічого пристойного нема.;1
Можна швидко та безпечно поїсти;1
Можна швидко та безпечно поїсти;1
Морозиво стало не смачне( пані на касі не знає різниці між американо з молоком і лате ??;2
МСдональдс як МСдональдс, все як скрізь.;1
Наверное круто;2
Надміру багато людей, нереально мало місця. Присісти - щастя. В туалет потрапити - треба вистояти сумашедшу чергу. Ще часто приходить псих-жінка і нав.язує купити квитки в театр Франка. При цьому умудряється нахамити. ;2
Найбільша мережа в світі безкоштовних параш;2
Найулюбленіший серед Львівських Макдональдсів. Чисто, як у залі так і в WC. Є маккафе та експрес віконечко на вулиці.;1
Нарікань нема, те місце, де відчуваєш якість обслуговування.;1
Не було черги. Привітний персонал;2
Не вирізняється серед інших McDonald's, а через стрімкий потік людей в області поруч із закладом доводиться довго стояти в черзі, та складно знайти вільний столик.;2
Не здорове харчування. Максимум морозива можу з'їсти раз на рік ). Людно завжди.;2
Не знаю як коментувати Макдональдс оскільки сервіс та якість у них на одному рівні у всіх ресторанах, а цей просто знаходиться в центрі і в ньому є Мак-кафе для любителів кави і різних штук цих з кавою зв'язаних. Ввечері можна взяти собі щось, сісти біля вікна і спостерігати за виступом вуличних танцюристів, якщо натовп буде не дуже великий.);1
Не люблю привокзальні маки. Але цей напричуд чистий та приємний. Звичайно привокзальна публіка та бомжі зустрічаються але персонал порається щоб вчасно все прибрати. Ідеальне місце для сніданку якщо ваш потяг прибув о 6-й ранку.;2
Не поганий макдональдс. З мінусів невеликий зал, з плюсів експрес вікно з вулиці.;1
Не погано можна перекусити, а доведеться почекати величезні черги...;1
Не подобається мені в цьому Макдональдзі. По-перше кава - 24 грн. :(  а по-друге місць зимою в середині мало ;2
Не розумію чому, але тут завжди купа людей)));2
Не смльно популярне місце, тому і дуже швидко готують... а в цілому стандартний Мак;2
Не сподобалось як розташовані столики на першому поверсі, людей багато і заважають;2
Не убивайте глупых и не развитых людей своим обманом!;2
Нездорова класика;2
Незручний заїзд до першого віконця МакДрайву, навіть після реновації. Подертий стовпчик свідчить про кількість постраждалих бамперів :(;2
Незручний заїзд з вул.Фрунзе, все інше норм;2
Некорисно. Але смачно;2
Неодноразово користувався послугами макдональдса на юності як макдрайвом так і в середені закладу персонал привітний діти дуже задоволені після відвідування закладу...;2
Неприємний запах в приміщенні;2
Нет возмущению придела!!! Не пустили с маленькой собачкой в МАК. Это член семьи и он всегда и везде с нами;2
Ні чим не відрізняєтся від інших закладів мережи. Дуже шумно(;2
Новая фишка мака - девочки в очереди ходят и принимают заказы. Удобно, быстро, эффективно!;1
Новий і охайний заклад, для мене дуже зручно розташований біля роботи. Встигаю поснідати до роботи. ;2
Нормальний Мак. Головне що драйв працює цілодобово, що зручно коли рано їдеш до Борисполя. Є МакКафе що теж +;1
Нормально , але не найкращий МакДональдз , де доводилося бувати;2
"Ну шо сказать, мак як мак, пожрать можна, але не часто, бо шлунок болітиме. Туалет бесплатний це +
Правда цього разу бігтесті був холодний, ну все одно з'їв його повністю ";2
Ням-ням);1
Обслуговування і якість залишає бажати кращого. Головне - це неприємний запах паленого жиру навколо споруди.;2
Обслуговування шикарне, при тому, що багато людей, місця завжди знайдуться-власники подбали про це)Рекомендую всім...МакДональдз зе бест??;1
Обслуговування,як завжди на високому рівні, чудова їжа, смачно.;1
Обслуговують за стандартами Мак, проте підводить Драйв де незручний заізд і іноді бувають затримки, які компенсують кавою або морозивом;2
Обслуговують швидко. Черги є, хоча невеликі. Місце собі завжди можна знайти. Влітку можна присісти за столик на майданчику надворі. А загалом, макдональдз як макдональдз;1
"Один з багатьох ресторанів швидкого харчування у Харкові розташований біля ст. м ""Центральний ринок"" та, звісно, біля центрального ринку міста, а також - управління метрополітену та автовокзалу і дому торгівлі";2
один з найбільш відвідуваних закладів в світі. Щороку тут проходить від 1 до 2 млн. клієнтів, але сісти тут практично не можливо, завжди немає місця.;2
Один з найбільш затишних закладів мережі. Зручне розташування, поруч зупинки громадського транспорту;1
один з найулюбленіших маків, потік людей величезний але місце при бажанні, можна знайти (накрайняк є стійки) - частенько теревенимо там з подругами);1
"Один з перших ""маків"" у Києві. Обслуговування на рівні, як і має бути. Постійно багато клієнтів, але місця вистачає. Швидко обслуговують авто.";2
Один из лучших маков в Киеве;1
"Один із найбільших плюсів цього закладу це те, що він відкривається о 6 ранку (а не о 7:00 як усі інші) це супер зручно для приїжджих туристів??і ще знаходиться зовсім поруч від вокзалу/автовокзалу. Персонал дуже крутий. Якось я забула телефон на підзарядці, а приїхала, згадавши про нього, тільки через кілька годин. Дякуючи працівникам, які за ним подивилися, навіть ще спитали чи не чогось забула. Просто також знайшли також і ключі, блокнот, окуляри..тому навіть якщо Ви щось тут забудете, то не переживайте, за Вашими речами придивляться і з радістю потім віддадуть :) 
Щодо їжї, то тут звичайно смачно і кава просто суперова.";1
Одне з найкращих fastfood кафе в нашому місті) Все дуже швидко, смачно і за помірними цінами. ;1
Описувати Мак немає сенсу, бо в принципі стандарти єдині і якість фаст фуду традиційно висока. Отруїтися тут не можливо. В чернігівському МД завжди багато людей, швидко обслуговують, гарний, чистий зал. Псує обстановку 2 моменти: 1. Близькість ринку. Відвідувачі ринку використовують заклад як безкоштовний туалет. Увечері цієї проблеми немає. Часом діти і жінки просять милостиню. 2. Проблеми з парковкою. На території паркінгу МД розташувалась автостанція з київськими маршрутками. А взагалі, чернігівський Макдональдс один з найкращих у яких мені доводилось бувати. ;2
"От имени общественной организации ""Команда детдом.iнфо"" благодарим компанию МакДональдз за помощь в обеспечении детей Гадячского детского дома Полтавской обл. комплексными обедами 5 июня, 2017 г. в заведении по адресу Бажан 3б (м. Харьковская). Отдельная благодарность менеджерам Наталье, Ольге и Михаилу, которые оперативно откликнулись на нашу просьбу о помощи.";1
Отличные маусбургеры!;2
Очень отлично вкусно.;2
"Переваги: 
- допізна працює, аж до півночі (нещодавно був приємно здивований: на вихідних зайшли за п'ять дванадцята і сиділи до пів першої ночі - менеджер сказав, що оскільки багато відвідувачів, то вирішили попрацювати подовше - дякую);
- завжди смачна кава і морозиво;
- швидке обслуговування;
- широкий вибір страв;
- чистота і ненав'язлива музика;
- безкоштовний і чистий туалет (не раз виручало, коли під час прогулянки дитина захотіла в туалет);
- влітку працює літній майданчик;
- можна замовляти прямо з вулиці через окреме віконечко.

Недоліки:
- завжди людно і шумно, на завжди можна знайти вільне місце;
- важко знайти місце для паркування (якщо ви на авто).";1
Перестала заїжджати після того як побачила, що касир брудними від грошей руками пакує цукор/мішалки в серветки як набір до кави, а також дитячі набори з іграшками.;2
Персонал  вічливий,напої  смачні,зручна  транспортна розв'язка рекомендую ????;2
Персонал привітній, швидкість обслуговування клієнтів на висоті, зручний макдрайв і вулична тераса. ;1
"Персонал уважний, обслуговування достатньо швидке. Серйозний мінус - при тому, що дуже часто вдень велика кількість людей, вибачте, дуже маленькі ""одномісні"" туалети, у зв'язку з чим постійні черги до них. Навіть для миття рук витрачається надто багато часу";2
Перший в моєму житті мак) колись мені здавалося все тут серйозним і культурним, а зараз розумію, як же я помилявся... Але перекусити можна, хоча народу тут завжди купа;2
Перший МакДональдз з'явився в США. В ньому дуже смачно :):):) Один мінус - Високі ціни :(;1
Після нічного потягу приємно випити філіжанку доброї кави. А в Макдональдсі вона добра. Крім того, тут багато місця (принаймні зранку) і затишно.;2
Подобається інтер'єром : великі вікна, через які можна дивитися на вулицю, дуже затишно;1
Популярне місце серед криворізької молоді та любителів мотоциклів. Тут завжди людно. Обслуговування на високому рівні.;1
Порівняно з іншими Маками,  тут менши черги. Але і міста,  здається,  трохи меньше. ;1
Поруч з вокзалом, можна перепочити, відкритий wi-fi.;2
"Порушив всі норми Маку, - випив каву по турецьки) 
Але їхню теж люблю) 
Чисто, зручно, смачно. ";2
Поряд з залізничним вокзалом, що дуже зручно.;1
Постійні черги, приємний персонал закладу. Малувато місця, але багато хто замовляє з собою.;2
Праздновали ДР дочки, очень понравился ведущий праздника Максим! Детки в восторге, все время смеялись, было очень весело и интересно! Спасибо громадное от детей и родителей );1
Прекрасний інтер'єр і пречудовий вид з літньої тераси, уважні менеджери, одного разу писали відгук, одразу отримали відповідь!! І Смачно!! ;1
"Прекрасно.Кликнул на украинский язык-получите пожалуйста.Вот хотелось бы,чтобы и в ресторанах украинским владели хотя бы те,кто работает на кассах с клиентами и переходили на него при общении с украиноязычными клиентами.А-то спросил на Крещатике ""каву і сік"",а мне в ответ :""Что?""";1
"Приємне місце, хоча дуже багато людей. Треба ще! ;)";2
Приємне приміщення, в якому є другий поверх з великими вікнами з видом на місто. Улюблене місце біля вікна разом з чашкою латте, яке тут готують бездоганно. В літню спеку чудово допоможе МакФлурі або апельсиновый сік) а от лимонад не дуже сподобались ;1
Приємний персонал, чисто.;1
Прикольне місце де можна перепочити та смачно перекусити. А в гарну погоду можна посидіти на літньому майданчику);2
Про цей заклад або добре - або нічого. Цей мак вирізняє напрочуд вдале розташування, макдрайв тут обслуговує чергу людей не на авто, а з метро. Все інше - на рівні, нічого особливого.;2
Продали меню, кола была разведеная!! Ужас;2
"Проспект Гагарина! Грязь- жуть!
Несмотря на то что этот "" ресторан"" бюджетный, такой грязи на столах и лавках недельной давности я не видела уже давно!
Когда я сообщила это девушке на кассе, она крикнула своему "" главному"" с блютузом за ухом: Саша! Тут нужно стол убрать на улице! И скривилась!
Саша ответил , ну сама скажи!
Браво! Отлично решили вопрос!
Выбежала тетя с ведром и показатель вытерла два( два из 30! Столов)!
Не ходите в Макдональдс на Гагарина!
Состояние детского уголка вне комментариев, - аналогичное!
За проведённые 55 минут больше признаков уборки не наблюдалось:((((
Жаль нельзя загрузить фото:(((";2
Просто фантастичні в розрулюванні черги на видачу;2
Простоял в очереди 17 минут, воскресенье людей полно;2
Реально дуже вражений: з'явилися термінали для замовлень і оплати, щоб не чекати у черзі. Дуже зручно. Замовив, сплатив, а на касі вже готове замовлення. ??;1
Ресторан швидкого харчування, МакДрайва немає, проте є експрес - віконце. Так як розташований в центрі, завжди багато людей, важко знайти вільний столик.;2
Самий центр, зручне розташування, багато лавок навколо, де можна присісти і відпочити після вживання їжі, яку я б не вживав... але вибір - справа суто індивідуальна для кожного;1
"Сегодня ""завтракала"" в Макдональдс. Ушла голодная!!!! На кассе перед заказом УТОЧНИЛА возможно ли зделать ""Большой завтрак"" без котлеты (так как не ем мяса) ответили Да, пробили чек и принесли с КОТЛЕТОЙ!!!! я вернула попросила переделать....мне сказали так не ешьте котлету - отодвиньте. Я показала, что омлет лежал на котлете, то есть он тоже в мясе, и есть его не смогу. Сотрудники приняли назад заказ, через мгновение вернули, якобы новый, а по факту тот же самый, просто убрали котлету и омлет валялся в куче жира от котлеты :(";2
"Сегодня в 21 00 зашла покушать. Приехала в командировку в Киев, очень устала , мне подали вкусный ролл , салат и кофе, все свежее ,;нет никаких вопросов! Я поела, вызвала такси и решила еще купить мороженное на дорожку! Вот тут то и наступил очень неприятный момент! Мальчик, получил от меня 22 гр, выдал чек, где написано, что он должен дать сдачу 10гр...и пошел за мороженным. Отдал мне мороженное,... Показати більше...";2
Сервіс у всіх Макдональдсах на однаковому пристойному рівні, але саме в цьому мені особисто не дуже подобається розташування - від метро треба як мінімум два переходи перейти по надзвичайно завантаженій вулиці. А на терасі, тобто на столиках які на вулиці завжди дуже шумно.;2
Сервіс хороший, але відчуття, що касири не хочуть дати хвильку-дві подумати. Плюс тут завжди людно;2
СЕРДЕЧНО БЛАГОДАРИМ ЗА ПОСТОЯННУЮ ЗАБОТУ И ПОДДЕРЖКУ МНОГОДЕТНЫХ СЕМЕЙ! СПАСИБО ОГРОМНОЕ ЗА ПОМОЩЬ В ПРОВЕДЕНИИ МЕРОПРИЯТИЙ К ДНЮ ЗАЩИТЫ ДЕТЕЙ ! КРЕПЧАЙШЕГО ЗДОРОВЬЯ И ОТЛИЧНОГО НАСТРОЕНИЯ !!!;1
Сильно загружен, тогда ещё понимал вкус еды из мака. Постепенно стал становиться хуже.;2
Смачна кава, безкоштовний wi-fi, місце зустрічі, сімейного часу проведення, ;1
Смачна кава, привітний персонал. Аудиторія - студенти. За площею зовсім невеликий, тому місця практично завжди невистачає. Хоч заклад порівняно новий, але виглядає вже доволі пошарпано. ;2
Смачна картопля фрі , гамбургери та все все інше!Я люблю МакДональдз у Рівному;1
Смачно але деколи обслуга із таким лицем дивиться на тебе, таяк би ти їй 2 рубля винен...;2
Смачно, невідомо чи корисно та не дуже дешево ну і завжди людно.;1
Сподобалось, тому що там є літня тераса!;1
Стабільна якість, хоч і незовсім корисна. На мою думку раз в місяць можна. Чистий охайний.  ;2
Ставлю 4 балив, претензія по суті як у всіх -  мало місць у залі та черги в туалет, але мабуть це стосується усіх маків...;2
Стандартний макдональдз. Ще є маккафе зі смачною кавою та десертами;1
Стандартний мережевий заклад швидкого харчування.;2
Стильний інтер'єр, розташування у самому центрі міста. Персонал привітний. Через великий потік людей важко знайти вільне місце, а також постійні черги до туалету.;2
"Сьогодні був свідком некомпетентності та байдужості персоналу стосовно клієнта.
Клієнтка замовила сніданок без котлети, вказавши при замовленні що вона вегетаріанець та не їсть м'яса ні в якому вигляді. Попри це їй принесли замовлення з котлетою та відмовлялись приготувати інший, що відповідав би її замовленню... Після перемовин з керівником закладу їй повернули !!!!той самий сніданок але без котлети. Все було просякнуто жиром від котлети і дівчина, звісно, залишилась голодна. Вона, зрозуміло, змушена була викинути сніданок до смітнички.

Після таких подій я, зовсім не вегетаріанець, не бажаю відвідувати цей заклад, навіть з усіма його незначними перевагами, і усім не байдужим до свого здоров'я раджу обходити цей, та подібні заклади.";2
Сьогодні був у Макдональзі у Стамбулі. Тут не до порівняння дешево;1
Сьогодні з дітьми була у Макдональдз на Чорновола Львів. Я не пишу за звичай відуки, але сьогоді була приємно здивована коли мій синуля закинув бумеранг з хепіміла на кришу закладу і розплакався, а персонал приніс драбину та поліз на кришу і дістав ігршку. Ше раз дякую прибирльнку.;1
так сталось що побував у Західній Україні в місті Рівне!і звісно відвідав Макдональдс у Рівному -це просто ЖАХ! найбільше непртємно вразила чи то керуюча чи то менеджер ХРИСТИНА-неадекватна людина,толерантності нуль! таке враження що у людини з психікою не все гаразд! до тих хто хоче щось довести тут же викликає поліцію охорони! Думаю таким людям немісце в таких закладах!;2
Там дуже смачно готують, прекрасна атмосфера та низькі ціни. Дуже цікаві іграшки. Мені вони сподобалися.;1
Там можна швидко поїсти, вся їжа завджи однакова на смак і вигляд, без неприємних сюрпризів, приємне обслуговування, зручно;2
Типовий заклад цієї мережі. Типова кілометрова черга до каси, черга до вбиральні, черга на стілець.;2
Типовий Мак, з нетиповим інтер'єром.;2
Типовий Макдональдс. Маленький і часто залюднений.;2
"Типовий МакДональдс.
Є один незначний мінус:якщо попасти у час пік,то місце в приміщенні знайти майже неможливо, проте це центр міста, і нічого дивного у цьому немає.";2
Типовий фаст фуд, іжа смачна але користі від неі не багато, місце досить шумне через те, що туди ходить багато дітей шкільного віку;2
Типовий фастфуд. Бувають черги. Персонал працює відлагоджено. ;1
Ті, хто кажуть що мало місця, ненормальні! А чого ви чекали?! А не прибирають тому, що тісно! Які ви тугодуми!!!;1
Тільки один в Миколаєві,  все те саме;2
Тісний зал, меблі потребують оновлення;2
Тому що я це люблю))) ;1
Традиційно, стандартно, передбачено. Сучасний інтер'єр, є можливість заряджати гаджети. Єдине, чого не розумію: чому я не можу замовляти ті страви, що хочу у будь-який час?;1
Третій найвідвідуваніший у світі Макдональдс. Через це місце знайти важкувато, але можна присісти за столиком на терасі чи балконі. Також присутній макдрайв. Постійно прибирали, тому можна сказати, що менеджери цього закладу прислухаються до відвідувачів і покращують сервіс.;1
туалет жахливий. брудно і поламані двері не закриваються що в чоловічому, що у жіночому. крани на умивальнику не зручні. ще такого поганого туалету в Макдональсі не бачив;2
Тут дуже багато людей через те що поряд Вокзал, але якщо вийти на другий поверх все тихо та добре.;1
Тут завжди аншлаг і місця постійно зайняті, обслуговування на вищому рівні, чисті туалети, підлога, яскраве освітлення, трохи високі ціни.;1
Тут просто нeрeально  сісти, завжди дужe людно, а сам зал замалий;2
Тут смачна кава.;1
тут як завжди все класно);1
У вихідний день (неділю) ввечері достатньо вільних місць.  Можна комфортно сісти перекусити сім'єю з дітьми:)  ;1
"Уважаемые родители предлагаем вам оценить Фабрику Развития New Way для подростков.
Наш центр находится на границе Подольского и Оболонского района, что очень удобно и не далеко для вашего ребенка.
.
? Финансовая школа «Правила денег».
? Школа журналистики
? Театральная студия ""Lампа""
? Школа лидерства
? Школа собственного имиджа...







Показати більше...";1
Украли лимонад, пока была в уборной. На кассе менеджер предоставил второй бесплатно! Спасибо за сервис и лимонад!!!;1
Ура. Открыли наш любимый МакДоналдс;1
"Усі ресторани Макдональда однакові - у цьому, власне кпжучи, їхня ""фішка"". Цей нічим не відрізняється від інших таких само. Значною перевагою є безкоштовний туалет :)";2
Фаст фуд Макдональд приличное заведения,там есть еда которой можно наестся с головой,все чисто,интерер просто супер,обслуживают приятно,цени не дорогые,одним словом все супер.;1
Фаст фуд, він і є Фаст фуд, ремонту в цьому місці не вистачає ;2
Хороше місце розташування. Якісне обслуговування. Іноді не вистачає місць.;1
Хороше місце.;2
Хороше та чисте місце. Швидкий wifi. Багато місця. Є розетки. Привітний персонал.;1
"Хороший заклад швидкого харчування.

Плюси:
+ Смачно
+ Швидкий процес приготування. Невелике очікування між оформленням замовлення і його отриманням.
+ Хороший клімат-контроль

Мінуси:
- Дорого. Ціни неадекватно завищені
- Дуже людяно. Довжилезні черги
- Шум і гам
- Часто не вистачає місць. Особливо, для посиділок з компанією.";2
Хороший мак - після шопінгу заходимо туди підкріпитися - цей мак також ніби на острові - але до нього набагато простіше дістатись ніж до маку на севастопольський площі;2
Хороший Макдональдс у центрі Києва. Тут завжди багато молоді ;1
Хороший сервис, мало людей. Свежо));1
"Хочу відмітити хамське відношення персоналу закладу громадського харчування McDonalds. 
А саме: 
- персонал не орієнтується, що таке кошерна їжа!!!!
- персонал у грубій формі веде діалог з клієнтами
- а також на моє додаткове запитання, переді мною закрили віконце
- столи не прибрані!!!!!";2
Це місце подобається моїм дітям і ми інколи його відвідуємо. Діти хочуть частіше там бувати, але ми більше за здорове харчування.;2
Це поки перший з МакДональдсів, в якому я майже не стояла в страшенних чергах і був відсутній той неприємний запах. Інтер'єр приємний, місць вдосталь для всього потоку людей, прекрасна літня тераса, а голове вид на Дніпро!;1
Це ще один гарний Мак, додати нічого. Хіба що дизайн досить стильний, має східні мотиви.;1
Цей макдональдс так само гарний, як всі інші;1
Центр, дитячий майданчик, іграшки для дітей, дні народження.;2
Цікаво дітям;2
Часто вибір цього закладу поміж інших макдоналдсів обумовлений тим, що тут з більшою імовірністю знайдеться вільне місце. Іноді заважають галасливі діти, але це терпимо.;1
Часто заїжджаю суди поїсти. Мені тут дуже подобається)));1
Часто тут буваю. Доволі людно у вихідні. Сервіс хороший, касири працюють швидко, та і куня не гальмує. Технічні працівники також підтримують чистоту закладу.;1
Чи не накрашенной місце, куди з'їжджаються усі люди з міста, щоб перекусити. Є гральні для дітей та старших дітей на 2му поверсі. Дуже классе місце, рекомендую! ;1
Чисто, мало відвідувачів, спокійно, зручні столи і на вулиці, і в середині залу, швидке обслуговування, приємний персонал.;1
Чисто, охайно, стандартно. ;1
Чисто, швидко, добрий  wi-fi.;1
Чисто,привітний персонал, смачна кава... але завжди багато людей.;1
Чисто. Не особо людно.;1
"-чому в макдональдс туалети безкоштовні?
- сировину заготовляють)";2
Чудо какое это тупо перекрыло проход, хотя места для парковки предостаточно !;1
Чудове і смачне місце. Але не для тих, хто дбає про своє здоров'я та фігуру ??;1
Чудовий заклад, що повністю відповідає очікуванням від таких закладів. З мінусів, безперечно, це ціна/якість. Можна знайти і ламповіше на ту ж суму. Хоч і перекриваєтсья сервісом, проте ніхто не ідеальний і в усіх видах діяльності є свої бока, які місцеве начальство не гребує одразу обрубувати прямо перед натовпом відвідувачів.;2
Чудовий і популярний фаст-фуд. Шкода що один на все місто. До нього просто так не дістанешся. Але популярно для гостей міста, бо знаходиться на трасі Київ-Харків. Є Wi-Fi. Є величезні черги. Все тут є, бо це МакДональдз.;1
Швидке облсуговування, смачна їжа. Кассири бажають гостям щастя, здоров'я, здоровеньких діточок і вдало одружитися!));1
Швидке обслуговування! Уважні касири-офіціанти. Будьте уважні до тих, хто просить гроші нібито на квиток додому чи ще якусь грошову допомогу - це люди заробляють (вони майже кожен день навідуються і просять);2
Швидке обслуговування, постійне прибирання, WiFi завжди працює швидко.;1
Швидке обслуговування. Чисто. Людно;2
Швидкість сервісу 5+. А розположенняна найгарнішій вулиці Одеси просто супер;1
Швидкість та якість на висоті але бомжі та шаровий ?? псують все ...;1
Швидко обслуговують, гарна атмосфера, іноді немає місця, щоб сісти в середині, відсутня тераса, поруч шосе і ганяють машини.;2
Швидко обслуговують. У вбиральні дуже тісно, особливо у годину пік. Більше, ніж трьом відвідувачам складно розійтись;2
Швидко та смачно, але у вихідні дні багато людей, де важко знайти вільне місце.;2
"Швидко, смачно, чисто,  проте чіз вже не той.
Редагую відгук, замовили зранку даблфреш та фреш - булки засушені, явно зберігались більше 10 хвилин в шкафу. 
Ще одного разу не поклали в колу лід";2
Я вважаю,  що це кращий заклад швидкої їжі,  особливо його можуть оцінити студенти які заходять сюди щоб перекусити,  розташування цього закладу досить комфортне,  затишний інтер'єр, гарна літня площадка,  є де погратися дітям,  особливо сподобалось МакДрайв,  обслуговування дуже швидке і приємне, вночі людей більше ніж в день. ;1
Я знаю, що тут ви отримаєте найкращий сервіс, найшвидше обслуговування і найякіснішу і найсвіжішу продукцію. Хочете гарно відпочити і провести час з близькими та рідними, при цьому, не залишившись голодним- вам саме сюди!;1
Я це люблю :) ;1
я це люблю?;1
Я це люблю))));1
Як завжди;2
Як завжди на висоті))));1
Як звичайний Макдональдз просто і зі смаком. Також дуже зручно що є макдрайв.;1
Як МакДональдс, але на Соборній працює чіткіше. В цьому було декілька випадків з видачею чи недодачею страв з макдрайву;1
"Як прийнято в мережі фаст-фудів ""МакДональдз"" в залі чисто, приємний привітний персонал. Їжа смачна, якщо подобається така їжа (KFC і MacFoxy в прольоті). Ціни нажаль з курсом валюти зависокі для фаст-фуда, але людей завжди багато, і різного контингенту! Мало місць, було б не погано добудувати ще зал...можна і з сім'єю піти, з друзями, і самому (Wi-Fi не дає сумувати самому).";1
Як то можна їсти? Гидота! Але є смачне - картопля по-селянськи;2
Якісний сервіс. Завжди дуже людно. Чисто;2
Якість їжі та напоїв відповідає стандартам мережі. Інколи надто людно, а на літньому майданчику підходять жебраки.;2
Якщо вас цікавить їжа і балачки, а не культурні заходи у місті, то це саме для вас.;2
"Якщо ви їдете по Бажана і плануєте заїхати на макдрайв - вам доведеться дуже уважно слідкувати за розміткою. Досить важко знайти заїзд. Якщо проїхали, як я, тоді через вулицю Декабристів об'їхати ринок. Інакще ніяк.
А в іншому, цілком нормальний макдак";2
